recipe_id,name,ingredients
r001,Hummus,"chickpeas, tahini, lemon, garlic, olive oil, cumin, salt"
r002,Chickpea and parsley salad,"chickpeas, parsley, lemon, red onion, olive oil, salt, pepper"
r003,Falafel,"chickpeas, parsley, coriander, cumin, garlic, onion, flour, salt"
r004,Baba ganoush,"aubergine, tahini, lemon, garlic, olive oil, salt"
r005,Fattoush,"stale bread, cucumber, tomato, sumac, mint, parsley, lemon, olive oil, salt"
r006,Tabbouleh,"bulgur, parsley, mint, tomato, lemon, olive oil, salt"
r007,Muhammara,"red pepper, walnuts, pomegranate molasses, breadcrumbs, garlic, olive oil, salt"
r008,Shakshuka,"eggs, tomato, red pepper, onion, garlic, cumin, paprika, olive oil, salt"
r009,Lentil soup with lemon,"red lentils, onion, garlic, cumin, lemon, olive oil, salt"
r010,Roast aubergine with yoghurt,"aubergine, yoghurt, garlic, lemon, olive oil, mint, salt"
r011,Chana masala,"chickpeas, tomato, onion, garlic, ginger, cumin, coriander, chilli, salt"
r012,Chana saag,"chickpeas, spinach, yoghurt, cumin, garlic, ginger, onion, salt"
r013,Saag paneer,"spinach, paneer, yoghurt, garlic, ginger, garam masala, butter, salt"
r014,Dal tarka,"red lentils, onion, garlic, ginger, cumin, turmeric, butter, salt"
r015,Aloo gobi,"potato, cauliflower, onion, cumin, turmeric, ginger, coriander, salt"
r016,Chicken korma,"chicken, yoghurt, almonds, onion, garlic, ginger, cardamom, cream, salt"
r017,Rajma,"kidney beans, tomato, onion, garlic, ginger, garam masala, salt"
r018,Jeera rice,"rice, cumin, butter, salt"
r019,Raita,"yoghurt, cucumber, mint, cumin, salt"
r020,Bombay potatoes,"potato, mustard seeds, turmeric, chilli, coriander, onion, salt"
r021,Pasta e ceci,"chickpeas, pasta, rosemary, garlic, tomato, olive oil, salt"
r022,Cacio e pepe,"pasta, pecorino, pepper, salt"
r023,Carbonara,"pasta, eggs, pecorino, guanciale, pepper, salt"
r024,Puttanesca,"pasta, tomato, anchovy, capers, olives, garlic, chilli, olive oil, salt"
r025,Aglio e olio,"pasta, garlic, chilli, olive oil, parsley, salt"
r026,Panzanella,"stale bread, tomato, cucumber, red onion, basil, olive oil, vinegar, salt"
r027,Ribollita,"stale bread, cannellini beans, kale, carrot, celery, onion, olive oil, salt"
r028,Risotto alla milanese,"rice, saffron, onion, butter, parmesan, chicken stock, white wine, salt"
r029,Mushroom risotto,"rice, mushrooms, onion, butter, parmesan, chicken stock, white wine, salt"
r030,Minestrone,"cannellini beans, carrot, celery, onion, tomato, pasta, olive oil, salt"
r031,Caponata,"aubergine, celery, tomato, capers, olives, vinegar, sugar, olive oil, salt"
r032,Pesto,"basil, pine nuts, garlic, parmesan, olive oil, salt"
r033,Tiramisu,"mascarpone, eggs, sugar, coffee, cocoa, sponge fingers"
r034,Panna cotta,"cream, sugar, vanilla, gelatine"
r035,Focaccia,"flour, yeast, olive oil, salt, rosemary, water"
r036,Paella,"rice, saffron, chicken, chorizo, peas, red pepper, onion, garlic, chicken stock, salt"
r037,Gazpacho,"tomato, cucumber, red pepper, garlic, stale bread, olive oil, vinegar, salt"
r038,Tortilla espanola,"potato, eggs, onion, olive oil, salt"
r039,Patatas bravas,"potato, tomato, paprika, garlic, olive oil, salt"
r040,Chorizo and chickpea stew,"chorizo, chickpeas, tomato, onion, garlic, paprika, salt"
r041,Garlic prawns,"prawns, garlic, chilli, olive oil, parsley, salt"
r042,Caldo verde,"potato, kale, chorizo, onion, garlic, olive oil, salt"
r043,French onion soup,"onion, butter, beef stock, stale bread, gruyere, thyme, salt"
r044,Ratatouille,"aubergine, courgette, tomato, red pepper, onion, garlic, thyme, olive oil, salt"
r045,Coq au vin,"chicken, red wine, bacon, mushrooms, onion, garlic, thyme, butter, salt"
r046,Quiche lorraine,"flour, butter, eggs, cream, bacon, gruyere, salt"
r047,Croque monsieur,"bread, ham, gruyere, butter, flour, milk, mustard, salt"
r048,Soupe au pistou,"cannellini beans, courgette, carrot, basil, garlic, parmesan, olive oil, salt"
r049,Crepes,"flour, eggs, milk, butter, sugar, salt"
r050,Creme brulee,"cream, eggs, sugar, vanilla"
r051,Miso soup,"miso, dashi, tofu, spring onion, seaweed"
r052,Miso ramen,"miso, noodles, pork, spring onion, egg, garlic, ginger, chicken stock"
r053,Mapo tofu,"tofu, pork, doubanjiang, sichuan pepper, spring onion, garlic, ginger, soy sauce"
r054,Fried rice,"rice, egg, spring onion, peas, soy sauce, garlic, sesame oil"
r055,Kimchi jjigae,"kimchi, pork, tofu, spring onion, gochujang, garlic, soy sauce"
r056,Bibimbap,"rice, spinach, carrot, egg, gochujang, sesame oil, soy sauce, garlic"
r057,Pad thai,"noodles, tamarind, fish sauce, egg, peanuts, bean sprouts, spring onion, sugar"
r058,Green curry,"coconut milk, green curry paste, chicken, aubergine, basil, fish sauce, sugar"
r059,Tom yum,"prawns, lemongrass, lime, chilli, fish sauce, mushrooms, coriander"
r060,Teriyaki salmon,"salmon, soy sauce, mirin, sugar, ginger, sesame seeds"
r061,Gyoza,"pork, cabbage, garlic, ginger, spring onion, soy sauce, flour"
r062,Chicken katsu,"chicken, breadcrumbs, egg, flour, soy sauce, sugar, onion, carrot"
r063,Shepherd's pie,"lamb mince, potato, carrot, onion, tomato, beef stock, butter, salt"
r064,Cottage pie,"beef mince, potato, carrot, onion, beef stock, butter, salt"
r065,Fish pie,"white fish, potato, milk, butter, flour, parsley, egg, salt"
r066,Toad in the hole,"sausages, flour, eggs, milk, salt"
r067,Bubble and squeak,"potato, cabbage, onion, butter, salt"
r068,Bread and butter pudding,"stale bread, butter, eggs, milk, sugar, raisins, nutmeg"
r069,Scones,"flour, butter, sugar, milk, baking powder, salt"
r070,Victoria sponge,"flour, butter, sugar, eggs, baking powder, jam, vanilla"
r071,Shortbread,"flour, butter, sugar, salt"
r072,Apple crumble,"apples, flour, butter, sugar, oats, cinnamon"
r073,Banana bread,"bananas, flour, butter, sugar, eggs, baking powder, cinnamon"
r074,Pancakes,"flour, eggs, milk, butter, sugar, baking powder, salt"
r075,Cornbread,"cornmeal, flour, milk, eggs, butter, sugar, baking powder, salt"
r076,Mac and cheese,"pasta, cheddar, milk, butter, flour, mustard, breadcrumbs, salt"
r077,Clam chowder,"clams, potato, bacon, onion, cream, celery, thyme, salt"
r078,Chilli con carne,"beef mince, kidney beans, tomato, onion, garlic, cumin, chilli, paprika, salt"
r079,Cornish pasty,"flour, butter, beef, potato, swede, onion, pepper, salt"
r080,Fish and chips,"white fish, potato, flour, beer, salt"
r081,Guacamole,"avocado, lime, coriander, red onion, chilli, salt"
r082,Salsa roja,"tomato, chilli, onion, garlic, coriander, lime, salt"
r083,Refried beans,"pinto beans, onion, garlic, cumin, lard, salt"
r084,Tacos al pastor,"pork, pineapple, achiote, chilli, onion, coriander, lime"
r085,Mole poblano,"chilli, chocolate, tomato, almonds, sesame seeds, cinnamon, chicken stock"
r086,Ceviche,"white fish, lime, red onion, coriander, chilli, salt"
r087,Black bean soup,"black beans, onion, garlic, cumin, coriander, lime, chicken stock, salt"
r088,Arroz con pollo,"rice, chicken, onion, garlic, red pepper, peas, chicken stock, saffron, salt"
r089,Greek salad,"tomato, cucumber, feta, olives, red onion, oregano, olive oil, salt"
r090,Caesar salad,"lettuce, anchovy, parmesan, egg, garlic, lemon, stale bread, olive oil"
r091,Waldorf salad,"apples, celery, walnuts, grapes, mayonnaise, lemon, salt"
r092,Coleslaw,"cabbage, carrot, mayonnaise, vinegar, mustard, salt"
r093,Potato salad,"potato, mayonnaise, mustard, spring onion, egg, vinegar, salt"
r094,Tzatziki,"yoghurt, cucumber, garlic, mint, lemon, olive oil, salt"
r095,Beetroot and feta salad,"beetroot, feta, walnuts, rocket, lemon, olive oil, salt"
r096,Roasted carrot and harissa salad,"carrot, harissa, yoghurt, coriander, lemon, olive oil, salt"
r097,Cauliflower with zaatar,"cauliflower, zaatar, lemon, olive oil, garlic, salt"
r098,Braised lentils with anchovy,"lentils, anchovy, carrot, celery, onion, garlic, olive oil, salt"
r099,Nduja pasta,"pasta, nduja, tomato, garlic, parmesan, olive oil, salt"
r100,Spiced chickpeas with sumac,"chickpeas, sumac, red onion, parsley, lemon, olive oil, salt"
